order,ig_name,person_name,Followers,Following,Total_Post,Catecory,total_vedios,total_likes,avg_like,max_like,min_like,total_comments,avg_coments,max_comments,min_comments,total_tags,avg_tags,max_tags,_min_tags,total_views,avg_views,max_views,min_views,total_duration,max_duration,avg_duration,min_duration,In-Degree_Following,Out-Degree_Following,Mutual_following_Following,Betweeness_Centrality_Following,Elgenvecor_Centrality_Following,Local_Cluster_Coefficient_Following,Core-periphery_Coeeficient_Following,Greedy_Following,Louvain_Following,Walktrap_Following,In-Degree_Tags,Out-Degree_Tags,Mutual_Tags,Betweeness_Centrality_Tags,Elgenvecor_Centrality_Tags,Local_Cluster_Coefficient_Tags,Core-periphery_Coeeficient_Tags,Greedy_Tags,Louvain_Tags,Walktrap_Tags
1,yga0721,蔡阿嘎,1495461,501,8178,趣味搞笑,344,4868890,14153.75,132239,1467,36072,104.8604651,2368,0,365,1.061046512,7,0,230100943,668898.0901,5538246,81102,35804.75,7609.37,104.0835756,6.27,76,43,41,0.01,0.17,0.4,27,B,A,A,146,50,3,0.03,0.85,0.02,3,H,H,I
2,joemanweng,Joeman,666819,996,1615,美食料理 3C科技 趣味搞笑,177,2127225,12018.22034,123394,754,13407,75.74576271,664,4,55,0.310734463,3,0,138434297,782114.6723,4649687,168603,9354.56,338.45,52.85062147,9.77,94,86,78,0.05,0.17,0.27,27,C,C,A,3,8,1,0.01,0,0,3,A,A,E
3,fumeancat,黃阿瑪的後宮生活,1050878,159,4550,寵物,97,1624368,16746.06186,492669,2403,5464,56.32989691,802,10,9,0.092783505,3,0,28721559,296098.5464,6294815,56688,2085.12,66.54,21.49608247,1.27,29,18,12,0,0.06,0.38,23,B,C,A,0,0,0,0,0,0,0,-,-,-
4,khshu_,千千進食中,891802,974,1002,美食料理,78,1042445,13364.67949,99570,1648,5707,73.16666667,364,12,58,0.743589744,5,0,43342777,555676.6282,2511579,89233,3561.49,115.83,45.66012821,6.87,90,72,68,0.04,0.18,0.31,27,A,B,B,9,3,2,0.02,0.04,0,3,D,C,A
5,elephant_gogo,小象愛出門,183273,1129,1888,美食料理 旅遊,122,659444,5636.273504,125314,7,11069,90.7295082,1597,0,198,1.62295082,20,0,30257623,248013.3033,1397908,1646,15645.5,3965.27,128.2418033,7.73,8,11,5,0,0.02,0.48,13,C,B,B,0,0,0,0,0,0,0,-,-,-
6,1006nk,那對夫妻,1030978,3,3146,趣味搞笑 家庭母嬰 表演藝術,190,2895919,15241.67895,96076,640,20804,109.4947368,1058,9,12,0.063157895,2,0,113748944,598678.6526,3382020,177956,17093.21,582.87,89.96426316,4,15,2,2,0.01,0.02,0.22,13,C,A,B,0,0,0,0,0,0,0,-,-,-
7,howhowhasfriends,How-Fun-如何爽,523443,103,1921,趣味搞笑,96,1265861,13186.05208,127496,30,14728,153.4166667,7257,1,40,0.416666667,3,0,30255575,315162.2396,2480340,793,6435.41,166.1,67.03552083,8.77,74,8,6,0,0.15,0.34,27,B,A,A,2,2,2,0,0,0.01,2,D,C,J
8,pansci,PanSci-泛科學,283652,399,1453,知識教育,288,2128685,7391.267361,81161,75,14693,51.01736111,368,0,0,0,0,0,42379082,147149.5903,1163619,12380,32737.03,179.58,113.6702431,8,10,18,3,0,0.01,0.31,20,B,A,A,0,0,0,0,0,0,0,-,-,-
9,nanaciaociao,一隻阿圓,563686,593,3373,美妝保養 時尚潮流 旅遊,160,1159993,7999.951724,106114,1218,8250,51.5625,302,9,192,1.2,20,0,72871287,455445.5438,2486844,95716,7792.97,136.93,48.7060625,5.48,80,45,44,0.01,0.16,0.36,27,A,B,B,32,2,1,0.04,0,0,3,B,B,B
10,arielsvlog_816,欸你這週要幹嘛,708449,473,1411,趣味搞笑,82,2051192,25014.53659,230160,2993,4737,57.76829268,403,3,56,0.682926829,4,0,73453972,895780.1463,3207165,273195,18146.47,7594.88,221.2984146,8.61,46,47,38,0.01,0.11,0.43,27,C,B,B,0,0,0,0,0,0,0,-,-,-
11,basil_77777,77老大,395721,591,1054,醫療健康 知識教育,49,552227,11269.93878,101296,972,7713,157.4081633,1258,8,2,0.040816327,1,0,19395515,395826.8367,2192168,67746,3447.45,104.63,70.35612245,28.06,33,40,26,0.01,0.08,0.42,27,A,B,B,0,1,0,0,0,0,1,M,J,M
12,minikiki_0529,那個女生-Kiki,289658,511,1099,美食料理 知識教育,66,460751,7553.295082,81028,1060,4847,73.43939394,732,9,15,0.227272727,2,0,28282428,428521.6364,2871369,78539,4124.83,178.83,62.49742424,7.62,35,42,31,0,0.09,0.5,27,C,A,A,0,3,0,0,0,0,2,B,B,B
13,rayduenglish,阿滴英文,1089513,2228,1570,知識教育,68,1673834,24615.20588,248810,3437,6336,93.17647059,602,4,33,0.485294118,3,0,67684020,995353.2353,10627279,232210,3035.75,86.13,44.64338235,11.29,111,119,100,0.11,0.2,0.23,27,B,C,A,14,38,2,0.03,0,0,3,E,E,F
14,ladyflavor,好味小姐,395768,112,2094,美食料理 寵物,155,2615722,16875.62581,69327,2717,6418,41.40645161,441,1,15,0.096774194,3,0,45556817,293914.9484,923927,45617,7343.14,105.1,47.37509677,12.51,26,18,12,0,0.05,0.43,23,B,C,A,0,0,0,0,0,0,0,-,-,-
14,ladyflavor_cui,好味小姐,395768,112,2094,美食料理 寵物,342,11096576,32446.12865,88405,14712,43370,126.8128655,851,27,3,0.00877193,2,0,234183683,684747.6111,2087601,99904,21290.94,180.04,62.25421053,18.1,26,18,12,0,0.05,0.43,23,B,C,A,2,5,2,0.01,0,0,2,-,-,-
14,ladyflavor_nowpo,好味小姐,395768,112,2094,美食料理 寵物,168,5090655,30301.51786,73354,8369,85068,506.3571429,24869,15,183,1.089285714,3,0,136366249,811703.8631,1642179,70730,19275.9,232.86,114.7375,28.87,26,18,12,0,0.05,0.43,23,B,C,A,3,1,0,0,0,0,1,-,-,-
15,jaychang0127,廉傑克曼,415002,4032,1855,遊戲電玩,145,1921634,13252.64828,281053,52,12023,82.91724138,1525,0,36,0.248275862,4,0,43425223,299484.2966,2255171,2655,10432.77,181.23,71.95013793,7.83,72,74,54,0.03,0.15,0.3,27,B,A,A,0,0,0,0,0,0,0,D,C,J
16,teacherchiang,江老師,308786,624,1922,表演藝術 時尚潮流 家庭母嬰,287,1958840,6849.090909,134441,107,18838,65.63763066,1400,0,118,0.411149826,7,0,70814168,246739.2613,2712105,42840,34147.14,4741.64,118.9795819,4.32,27,22,17,0.01,0.05,0.32,22,A,B,B,0,0,0,0,0,0,0,G,G,M
17,lessonsfrommovies,那些電影教我的事,1484140,87,6816,影視評論,9,17704,1967.111111,7350,556,59,6.555555556,35,0,1,0.111111111,1,0,1708245,189805,433354,99608,518.19,90.6,57.57666667,23.82,20,2,1,0,0.04,0.32,18,B,A,B,20,4,2,0.02,0,0,3,-,-,-
18,soybeanmilk_cat,豆漿--Soybean-Milk,433921,34,2242,寵物,19,387996,20420.84211,108275,6289,2575,135.5263158,595,38,0,0,0,0,6946369,365598.3684,1986263,72930,637.21,90.13,33.53736842,4.1,9,7,5,0,0.02,0.57,9,B,C,A,0,1,0,0,0,0,1,-,-,-
19,onionman__,Onion-man-洋蔥先生與阿文,458424,925,1177,表演藝術 趣味搞笑,46,427907,17116.28,129292,1447,3176,69.04347826,435,9,58,1.260869565,9,0,18313207,398113.1957,5101491,90924,2652.19,117.7,57.65630435,3.35,67,83,61,0.03,0.14,0.34,27,B,A,A,0,19,0,0,0,0,3,C,D,C
20,baxuan_ig,人類超有病-Baxuan,742233,2830,1066,表演藝術 趣味搞笑,52,2677948,51499,336537,4738,15294,294.1153846,3738,9,16,0.307692308,2,0,67322125,1294656.25,12613190,137310,2528.12,91.3,48.61769231,5.63,30,41,26,0.01,0.06,0.43,25,B,A,A,0,0,0,0,0,0,0,L,K,M
21,jam_cutepig,大蛇丸,551530,390,882,趣味搞笑,50,436120,8722.4,126507,489,2275,45.5,437,1,9,0.18,2,0,20252011,405040.22,3590233,72005,2596.01,90,51.9202,3.3,65,54,48,0.01,0.14,0.39,27,B,A,A,0,0,0,0,0,0,0,C,D,C
22,andy1994x,Andy老師,1241259,57,391,趣味搞笑 表演藝術,79,4553118,57634.40506,355088,5450,27698,350.6075949,4053,2,13,0.164556962,2,0,154868424,1960359.797,13409047,129884,2295.81,77.27,29.06088608,7.73,53,8,8,0,0.11,0.39,27,A,D,A,0,0,0,0,0,0,0,-,-,-
23,imseriou,超認真少年-I'm-Serious,138411,751,1529,知識教育,136,415140,3673.80531,25678,58,5175,38.05147059,387,0,52,0.382352941,15,0,17437684,128218.2647,946110,2511,8256.48,179.97,60.70941176,15.28,29,39,24,0,0.06,0.43,26,B,C,A,0,1,0,0,0,0,1,-,-,-
24,sanyuan_japan,三原慧悟-Sanyuan_JAPAN,229384,595,1147,旅遊 趣味搞笑,97,1666774,17183.23711,146531,494,10752,110.8453608,1837,0,85,0.87628866,6,0,50654401,522210.3196,3869074,53390,5545.69,91.67,57.17206186,9.2,23,24,18,0,0.06,0.5,24,A,C,B,5,2,0,0.01,0.02,0,3,-,-,-
25,bugcat_capoo,貓貓蟲-咖波,2136350,291,1735,表演藝術,63,10226269,162321.7302,2465524,11045,15046,238.8253968,1854,55,8,0.126984127,2,0,117806718,1869947.905,20360307,324722,2050.67,89.57,32.55031746,11.92,17,23,14,0,0.04,0.49,20,B,A,A,11,10,1,0.03,0,0,3,E,E,F
26,thedodomen,Ian&Eric,609185,482,1101,旅遊 趣味搞笑,196,2594180,13235.61224,62526,1016,20435,104.2602041,795,4,244,1.244897959,8,0,135446741,691054.801,2769099,81471,16031.95,3150.2,81.79566327,8.79,46,34,25,0,0.1,0.44,27,A,B,B,0,1,0,0,0,0,1,A,A,A
27,huangbrotherss,黃氏兄弟,454084,2,476,趣味搞笑 表演藝術,76,1757956,27468.0625,112513,19,18844,247.9473684,1180,0,269,3.539473684,13,0,47413611,623863.3026,3346991,442,3975.49,90.03,52.30907895,8.13,44,0,0,0,0.09,0.38,26,B,C,A,1,5,1,0,0,0,2,A,A,D
28,weiteng0710,我得了一種吃菜就會死的病-微疼,322374,1071,1429,表演藝術 趣味搞笑,48,263419,5487.895833,40917,598,3421,71.27083333,535,1,2,0.041666667,1,0,8890997,185229.1042,1238521,40909,6408.1,687.18,133.5020833,12.21,26,34,20,0.01,0.05,0.38,23,B,A,A,2,3,1,0.01,0,0,3,D,C,M
29,linda831212,琳妲-林羿禎,1036871,2416,5232,表演藝術 趣味搞笑,156,703958,7110.686869,27506,1,10448,66.97435897,361,0,172,1.102564103,7,0,54289940,348012.4359,3055736,104,8144.64,234.37,52.20923077,5.5,60,65,53,0.03,0.12,0.34,27,A,D,A,0,0,0,0,0,0,0,F,F,K
30,87acup,白癡公主,1002519,515,1801,趣味搞笑,105,1117764,10645.37143,106063,1298,9198,87.6,620,9,54,0.514285714,7,0,45479629,433139.3238,3501439,82994,6463.68,126.67,61.55885714,8.44,79,40,33,0.02,0.16,0.36,27,A,B,B,0,0,0,0,0,0,0,B,B,M
31,k3okii,KEOKI-BLACK布萊克薛薛,232109,389,1396,旅遊 美食料理,56,1160079,20715.69643,117994,1634,5139,91.76785714,448,4,87,1.553571429,6,0,28390163,506967.1964,1880147,78693,2785.11,163.97,49.73410714,13.87,20,8,8,0,0.05,0.49,18,A,B,B,1,1,0,0,0,0,1,-,-,-
32,energydessert2019,厭世甜點店,145675,494,1266,美食料理,145,615257,4243.151724,36623,290,6030,41.5862069,293,3,134,0.924137931,5,0,28234946,194723.7655,1687316,24136,11221.27,2517.43,77.38806897,13.26,18,36,18,0.01,0.03,0.38,24,C,B,A,4,3,1,0,0,0,1,-,-,-
33,thetiffanychen,陳彥婷,642973,352,2147,趣味搞笑,185,9080745,49085.10811,581451,4390,40492,218.8756757,3450,9,158,0.854054054,3,0,290361268,1569520.368,9549439,318969,12968.73,130.43,70.10124324,12.1,49,45,40,0.01,0.12,0.47,27,A,B,B,1,1,0,0,0,0.01,2,A,A,M
34,annie72127,魚乾,350257,500,1809,寵物 遊戲電玩 趣味搞笑,62,430898,7181.633333,50167,818,2146,34.61290323,607,1,29,0.467741935,7,0,18093260,291826.7742,1162623,64306,3272.15,112.22,52.7766129,14.83,66,73,54,0.02,0.15,0.37,27,B,C,A,2,0,0,0,0,0,2,A,A,G
35,shasha77.daily,志祺七七,238862,552,1093,知識教育 時事討論 高階經理人,290,787262,2714.696552,28005,146,4495,15.5,323,0,13,0.044827586,2,0,25216015,86951.77586,678302,9561,15071.88,116.38,51.972,2.43,54,31,28,0,0.11,0.39,27,B,A,A,2,1,0,0,0,0,2,C,D,F
36,helloiamhook,HOOK,648553,448,1154,寵物 旅遊 美食料理,14,616997,44071.21429,258624,10361,2725,194.6428571,1023,78,4,0.285714286,2,0,14137382,1009813,5499486,422294,1363.17,145.97,97.36928571,17.37,60,46,38,0.01,0.14,0.44,27,B,B,B,0,0,0,0,0,0,0,E,E,M
37,muyao4,木曜4超玩,342007,71,817,旅遊,90,306058,3400.644444,24627,430,1037,11.52222222,102,0,55,0.611111111,5,0,12477820,138642.4444,505521,18036,4822.64,81.6,53.58488889,23.36,23,18,10,0,0.06,0.6,25,B,A,A,0,0,0,0,0,0,0,C,D,C
38,dannybeeech,丹妮婊姐,257954,2,1232,美妝保養 時尚潮流 趣味搞笑,60,286176,4769.6,93049,272,8637,143.95,1036,1,2,0.033333333,1,0,15524110,258735.1667,3015990,19579,61286.05,3709.03,1021.434167,18.23,36,0,0,0,0.08,0.4,24,A,B,B,1,1,0,0,0,0,1,-,-,-
40,hahatai_official,HahaTai-哈哈台,335359,1092,2719,趣味搞笑,309,3079221,9997.470779,414708,311,16495,53.38187702,1939,0,703,2.275080906,15,0,105133151,340236.7346,9097803,39644,23759.95,180.03,76.89304207,4.4,23,44,19,0,0.05,0.39,26,B,A,A,0,0,0,0,0,0,0,G,G,M
41,dinter_1126,丁特-Dinter,198349,1034,407,遊戲電玩,6,21942,3657,7985,1589,121,20.16666667,52,4,0,0,0,0,1706149,284358.1667,407301,198714,549.3,168.81,91.55,58.42,23,31,20,0,0.06,0.42,24,B,A,A,1,0,0,0,0,0,1,-,-,-
42,peter_and_susan,彼得爸與蘇珊媽,115573,1267,3181,旅遊 家庭母嬰 帶貨分潤,246,442944,1800.585366,42933,218,3361,13.66260163,333,0,178,0.723577236,11,0,23642703,96108.54878,1241144,21152,15584.54,179.73,63.35178862,4.09,19,32,17,0,0.04,0.33,23,C,B,B,0,5,0,0,0,0,3,A,A,D
43,hanhanpovideo,阿翰po影片,663533,1782,714,趣味搞笑,31,1582401,51045.19355,280506,7419,15071,486.1612903,1219,92,14,0.451612903,3,0,33458395,1079303.065,3171018,555509,6011.89,711.77,193.9319355,17.37,77,55,48,0.02,0.15,0.34,27,A,B,B,0,0,0,0,0,0,0,A,A,A
44,allie.liao,愛里,621595,1325,180,知識教育 趣味搞笑,146,3873245,26529.07534,137237,2523,26368,180.6027397,829,10,0,0,0,0,174263328,1193584.438,5610911,326435,5501.79,77.07,37.68349315,10.29,27,65,21,0.01,0.05,0.36,27,C,B,B,1,6,0,0,0,0,3,-,-,-
45,nickwang1988,這群人-尼克,422848,646,2358,趣味搞笑 表演藝術,60,463526,7725.433333,90450,375,2696,44.93333333,344,2,64,1.066666667,6,0,22639981,377333.0167,3179227,60088,2889.98,127.97,48.16633333,4.18,47,51,40,0.01,0.12,0.43,27,B,A,B,1,33,1,0,0.01,0.06,3,B,B,B
46,tsaigray2018,蔡桃貴,1150147,61,4238,家庭母嬰 趣味搞笑,1,7500,7500,7500,7500,16,16,16,16,1,1,1,1,448625,448625,448625,448625,15.6,15.6,15.6,15.6,28,2,2,0,0.08,0.61,25,C,B,B,0,0,0,0,0,0,0,H,H,I
47,ruruspiano,Ru's-Piano-Ru味春捲,221940,697,1350,表演藝術,42,363121,8645.738095,75307,667,2926,69.66666667,252,14,0,0,0,0,14913424,355081.5238,6058886,60434,2067.87,90.03,49.235,17.6,15,30,15,0.01,0.05,0.45,22,B,C,A,1,0,0,0,1,0,1,-,-,-
48,achusan0817,阿啾繪圖同萌,221635,217,583,表演藝術 趣味搞笑,53,376766,7108.792453,31564,76,1494,28.18867925,118,0,4,0.075471698,1,0,9611170,181342.8302,467109,1733,3037.52,101.97,57.31169811,8.26,14,9,7,0,0.03,0.54,14,B,A,A,1,3,0,0,0,0,3,J,L,M
49,da_chien_huang,黃大謙,522301,493,493,趣味搞笑,26,2445509,94058.03846,583572,9791,17910,688.8461538,4279,37,8,0.307692308,2,0,34503809,1327069.577,4671844,465171,2021.99,138.57,77.76884615,9.09,57,26,21,0,0.13,0.43,27,A,B,B,0,0,0,0,0,0,0,E,E,M
50,goodalicia,愛莉莎莎-Alisasa,615843,1279,1637,美妝保養 時尚潮流,27,323505,11981.66667,42224,2821,2904,107.5555556,716,8,12,0.444444444,4,0,25754388,953866.2222,1834296,310231,1861.43,127.22,68.94185185,16.11,71,65,54,0.02,0.15,0.36,27,A,B,B,4,4,1,0,0,0,1,-,-,-
51,beauty___wu,見習網美小吳,760960,770,1739,美妝保養 趣味搞笑,77,2237578,29059.45455,248240,3583,67390,875.1948052,59667,4,51,0.662337662,4,0,79479924,1032206.805,5289959,172058,4305.35,90.02,55.91363636,7.64,64,56,51,0.01,0.15,0.44,27,A,B,B,0,0,0,0,0,0,0,B,B,L
52,coindevanity,Charlene-Liu-查理,344198,1016,2880,美妝保養 時尚潮流 旅遊,44,228151,5305.837209,86151,640,6473,147.1136364,3944,4,2,0.045454545,1,0,18105346,411485.1364,1484932,210748,19822.75,3684.3,450.5170455,6.11,22,17,9,0.01,0.04,0.31,20,A,B,B,3,5,1,0.03,0,0,3,-,-,-
53,peeta.gege,PEETA葛格,267433,1832,873,運動健身,64,423923,6623.796875,54372,34,3536,55.25,676,0,75,1.171875,7,0,23568098,368251.5313,1943139,1600,3735.85,202.03,58.37265625,6.8,46,47,42,0.01,0.11,0.44,27,A,A,B,0,0,0,0,0,0,0,B,B,A
54,milasky_love,波蘭女孩x台灣男孩-在家環遊世界,115072,1042,600,旅遊 美食料理,39,442787,11353.51282,54038,506,1799,46.12820513,169,0,1,0.025641026,1,0,16006370,410419.7436,1461975,56377,1035.02,57.17,26.53897436,9.98,1,2,1,0,0,0,2,C,C,B,0,24,0,0,0,0,1,-,-,-
55,corgimango,連環泡有芒果,218465,10,2043,美食料理 寵物 趣味搞笑,127,400948,3157.070866,13140,24,1449,11.40944882,83,0,0,0,0,0,9111588,71744.7874,225358,510,4131.36,100.87,32.5303937,8.41,5,2,2,0,0.01,0.39,5,A,D,D,0,0,0,0,0,0,0,K,M,M
56,xollox121,Emma艾瑪,206043,950,1901,運動健身,14,0,,,,352,25.14285714,47,9,17,1.214285714,3,0,322625,23044.64286,34187,11107,736.75,86.7,52.625,18.74,7,11,7,0,0.01,0.33,9,A,D,B,2,0,0,0,0,0,1,-,-,-
57,aries_8248,Aries艾瑞絲,779766,943,2044,美食料理 表演藝術 趣味搞笑,172,588217,25574.65217,70542,1097,16721,97.21511628,969,10,171,0.994186047,6,0,82382592,478968.5581,2538265,106644,5449.13,179.17,31.68098837,3.02,46,46,42,0.01,0.1,0.42,27,A,D,A,0,0,0,0,0,0,0,A,A,M
58,rosalina.kitchen,蘿潔塔的廚房,161521,36,389,美食料理 帶貨分潤,95,211153,2222.663158,16851,320,2828,29.76842105,251,4,0,0,0,0,18706145,196906.7895,1929361,39378,7006.96,90.03,73.75747368,19.73,1,0,0,0,0,0,1,A,B,F,1,1,0,0,0,0,1,-,-,-
59,uccu0323,瑀熙-Yuci,1031037,624,2996,旅遊 遊戲電玩,110,348715,6579.528302,61913,773,8656,78.69090909,948,0,29,0.263636364,2,0,63157917,574162.8818,10765317,95180,6912.82,129.27,62.84381818,5.33,34,34,20,0.01,0.08,0.41,27,A,B,A,2,2,0,0,0,0,2,A,A,M
60,thisgroupofpeople,這群人TGOP,634322,15,2377,趣味搞笑,170,505108,2971.223529,34924,425,2989,17.58235294,161,0,14,0.082352941,5,0,16344493,96144.07647,763300,11278,10401.93,812.4,61.18782353,5.07,36,2,2,0,0.07,0.36,24,B,A,A,1,1,1,0,0,0,1,A,A,H
61,3ctim,3cTim哥生活的日常,113102,486,2926,3C科技,281,294727,1048.850534,18779,4,2317,8.245551601,207,0,43,0.153024911,2,0,22429366,79819.80783,1490362,1189,15209.71,144.58,54.12708185,3.93,16,17,13,0,0.03,0.46,18,C,C,A,0,0,0,0,0,0,0,A,A,E
62,peri168,百變沛莉-Peri,160223,1082,4650,美妝保養 時尚潮流 家庭母嬰,62,117784,1930.885246,32463,56,4377,70.59677419,774,0,15,0.241935484,2,0,8402564,135525.2258,1655750,3923,3192.14,117.45,51.48612903,5.04,11,10,7,0,0.02,0.42,13,A,B,B,0,1,0,0,0,0,1,-,-,-
63,twodeerman,鹿人,415007,208,922,表演藝術 趣味搞笑,32,1260248,39382.75,283628,4097,5146,160.8125,792,32,0,0,0,0,19514208,609819,3430010,179671,1537.9,60.03,48.059375,10.71,24,33,20,0,0.05,0.47,24,B,A,A,3,0,0,0,0,0,1,C,D,M
64,ethan_kuan_kuan,關韶文,367960,501,1929,美妝保養 趣味搞笑 表演藝術,312,1509185,4837.13141,196740,142,11077,35.50320513,5852,0,238,0.762820513,6,0,57648952,184772.2821,3271325,19732,28203.33,3023.13,90.39528846,12.21,40,34,33,0,0.1,0.51,26,A,B,B,1,0,0,0,1,0,1,A,A,M
65,gu_yuze,健人蓋伊,262770,827,829,運動健身,57,1356727,23802.22807,455362,680,6249,109.6315789,976,1,40,0.701754386,2,0,33011734,579153.2281,7368830,52898,2642.49,116.53,46.35947368,11.24,21,22,18,0,0.05,0.52,20,B,A,A,0,1,0,0,0,0,1,L,K,M
66,ginachiki,GINA-HELLO!,525796,447,7076,美妝保養 時尚潮流 旅遊,61,202823,6993.896552,19722,2331,8263,135.4590164,1376,36,16,0.262295082,4,0,23691194,388380.2295,2475994,95261,5402.4,375.83,88.56393443,2.32,43,18,16,0.01,0.08,0.33,24,A,B,B,0,1,0,0,0,0,1,A,A,G
67,daddy.iam,我是老爸-我不要當爸!,102766,301,554,旅遊 美食料理,71,117539,1655.478873,32388,200,1097,15.45070423,490,0,6,0.084507042,2,0,7724931,108801.8451,1136490,25292,5705.08,175.94,80.35323944,27.96,24,22,20,0.01,0.05,0.39,20,C,C,B,0,0,0,0,0,0,0,M,M,M
68,egg_things,蛋事超有事EggThings,230287,106,760,表演藝術,16,171128,10695.5,65591,71,1549,96.8125,847,1,0,0,0,0,3388500,211781.25,736563,1801,946.59,180.91,59.161875,5.03,8,8,8,0,0.01,0.79,8,B,A,A,0,0,0,0,0,0,0,-,-,-
69,yu.young_fate,雨揚樂活家族,87182,5,4261,綜合其他,78,30769,394.474359,1211,76,348,4.461538462,41,0,0,0,0,0,2097355,26889.16667,51405,6156,17583.19,390.68,225.4255128,6.24,0,0,0,0,0,0,0,-,-,-,0,0,0,0,0,0,0,-,-,-
70,zoebitalk,肉比頭Zoebitalk,296415,794,1370,旅遊 知識教育,198,1355000,6843.434343,138678,321,33180,167.5757576,5741,1,36,0.181818182,2,0,76768413,387719.2576,10815820,50882,14285.8,125.47,72.15050505,13.79,26,60,26,0.01,0.05,0.35,27,C,A,A,1,0,0,0,1,0,1,-,-,-
71,cb.otaku,現在宅知道,132212,81,2536,遊戲電玩,68,1269689,18671.89706,263150,318,2160,31.76470588,302,0,2,0.029411765,1,0,25987560,382170,3081229,46334,4689.62,161.57,68.965,26.37,14,13,9,0,0.03,0.51,17,B,A,A,0,0,0,0,0,0,0,M,M,M
72,loserzun,人生肥宅x尊,432782,58,186,趣味搞笑 遊戲電玩,10,367282,36728.2,81197,11106,1242,124.2,316,43,0,0,0,0,6951218,695121.8,1413453,133431,747.04,90.93,74.704,46.65,13,5,5,0,0.03,0.63,12,B,A,A,0,1,0,0,0,0,1,-,-,-
73,chuchumei__,啾啾妹-by-LIIN,542737,217,1336,趣味搞笑 設計創作,40,560893,14022.325,110890,813,2694,67.35,569,2,5,0.125,1,0,13718335,342958.375,1617875,73928,1456.19,89.91,36.40475,4.2,19,15,10,0,0.04,0.54,19,B,A,A,0,3,0,0,0,0,1,J,L,M
74,flashwolves2013,閃電狼Flash-Wolves,100432,96,5489,遊戲電玩,39,231600,5938.461538,31541,985,1674,42.92307692,214,2,6,0.153846154,4,0,5820584,149245.7436,808858,28548,1178.76,89.72,30.22461538,6.08,3,0,0,0,0,0.67,3,B,A,C,0,0,0,0,0,0,0,M,M,M
75,benwoooo,融融歷險記-Ben’s-Adventure,104492,439,1485,旅遊,18,45789,2543.833333,7092,441,1031,57.27777778,569,2,15,0.833333333,3,0,1888642,104924.5556,243624,32827,1112.15,186.33,61.78611111,8.15,12,9,6,0,0.02,0.29,13,A,B,B,0,0,0,0,0,0,0,-,-,-
76,sundayright_dub,星期天,180562,1612,1950,綜合其他,68,719702,11072.33846,81991,369,3871,56.92647059,289,0,13,0.191176471,2,0,13950428,205153.3529,1390490,28633,2576.64,90.09,37.89176471,7.24,25,40,22,0,0.05,0.38,25,B,A,A,0,1,0,0,0,0,1,-,-,-
77,riceandshine.co,Yun-Chou,834659,993,2961,家庭母嬰,98,5714895,58315.2551,316551,12906,14532,148.2857143,1015,14,3,0.030612245,1,0,152480072,1555919.102,17778322,266378,5011.9,90.47,51.14183673,10.35,39,31,27,0.01,0.08,0.38,24,A,B,B,0,0,0,0,0,0,0,A,A,M
78,maomaotv,MaoMaoTV,168451,1061,1847,旅遊,32,92190,2880.9375,12241,333,5979,186.84375,3153,0,12,0.375,2,0,6555289,204852.7813,2009943,60330,1072.04,87.35,33.50125,5.87,10,17,7,0,0.02,0.45,19,A,B,B,1,1,1,0,0,0,1,-,-,-
79,liketaitai,Evelyn-Chen-理科太太,573035,226,700,醫療健康 時事討論,67,365117,5449.507463,34033,925,2794,41.70149254,205,4,24,0.358208955,2,0,33678354,502662,3437846,76348,3220.18,93.3,48.06238806,11.93,44,31,28,0,0.11,0.54,27,A,B,B,2,1,1,0,0,0,1,B,B,M
80,ala780705,小A辣,354298,1499,1744,趣味搞笑,159,653708,4111.371069,127434,1,10530,66.22641509,688,0,96,0.603773585,4,0,44215537,278085.1384,4030286,1051,7183.16,2359.48,45.17710692,4.1,19,20,18,0,0.05,0.58,19,A,B,B,0,0,0,0,0,0,0,F,F,M
81,colorfulinsideus,兔女狼,259315,1508,603,旅遊,99,2489553,25403.60204,130923,934,4720,47.67676768,411,0,108,1.090909091,4,0,99860932,1008696.283,3168095,231257,16356.64,4182.78,165.2185859,11.7,5,12,3,0,0.01,0.43,13,C,B,B,1,0,0,0,0,0,1,-,-,-
82,602avenue,有璟妍精요찡옌찡,216284,664,765,旅遊 美食料理,169,1555486,9314.287425,63228,827,11306,66.89940828,808,0,57,0.337278107,4,0,75516472,446843.0296,2579539,35466,8958.93,137.69,53.01142012,5.55,7,10,6,0,0.02,0.55,11,A,B,B,30,7,1,0,0,0.01,2,A,A,D
83,crown_du,滴妹,739639,1635,1173,旅遊 美食料理 知識教育,78,1459682,18713.87179,100937,1933,8104,103.8974359,1484,14,41,0.525641026,2,0,80055775,1026356.09,6935053,206133,4518.18,100.47,57.92538462,4.22,84,78,64,0.03,0.18,0.33,27,B,C,B,0,0,0,0,0,0,0,E,E,F
84,hailey_jane,莫彩曦Hailey,347424,266,405,綜合其他,11,466135,42375.90909,163413,6592,1701,154.6363636,393,31,0,0,0,0,9338852,848986.5455,2170853,425114,358.86,61.55,32.62363636,4.6,16,7,6,0,0.03,0.48,15,C,B,B,0,0,0,0,0,0,0,-,-,-
85,5inana,星光奈奈,211320,1,302,旅遊 表演藝術,12,33035,2752.916667,3894,1255,862,71.83333333,216,20,0,0,0,0,1398407,116533.9167,152521,57243,173.55,29.1,14.4625,5.5,0,0,0,0,0,0,0,-,-,-,0,0,0,0,0,0,0,-,-,-
86,gary.0917,Gary蓋瑞,160154,180,300,遊戲電玩,196,1566160,7990.612245,45646,1292,4393,22.41326531,368,0,0,0,0,0,33944675,173187.1173,491511,43354,8819.16,97.26,44.99571429,4,2,6,1,0,0,0.33,7,B,A,C,0,0,0,0,0,0,0,-,-,-
87,jasondchen,Jason-Chen-陳以桐,2450201,69,3853,表演藝術,151,2392929,64673.75676,578441,396,93206,617.2582781,7782,6,114,0.754966887,3,0,319718611,2117341.795,26420152,39806,7575.49,157.73,50.16880795,5.2,5,0,0,0,0,0.15,5,A,D,A,0,0,0,0,0,0,0,-,-,-
88,taiwanniu421,台灣妞韓國媳,121028,945,1973,美妝保養 旅遊 帶貨分潤,98,146801,1497.969388,51313,80,3275,33.41836735,910,0,14,0.142857143,2,0,9188369,93758.86735,1752531,15625,51895.6,7736.71,529.5469388,5.55,8,13,8,0,0.02,0.47,12,C,B,B,0,0,0,0,0,0,0,-,-,-
90,wanghungche,王宏哲教養、育兒寶典,139725,224,489,家庭母嬰 知識教育 高階經理人,26,40379,1553.038462,5309,110,160,6.153846154,36,0,0,0,0,0,1806213,69469.73077,321579,8884,2143.5,89.98,82.44230769,54.33,0,1,0,0,0,0,1,C,A,K,0,0,0,0,0,0,0,-,-,-
91,miao11255,小葵-XiaoKui,178445,764,1374,遊戲電玩,125,584540,4676.32,34440,20,2540,20.32,163,0,41,0.328,6,0,19063297,152506.376,2153481,1242,6121.16,89.9,48.96928,3.32,29,43,26,0.02,0.06,0.34,25,B,A,A,3,0,0,0,1,0,1,M,M,M
92,children0704,High咖-邱志恒,125363,745,1196,趣味搞笑,24,306012,12750.5,118144,540,3389,141.2083333,678,4,31,1.291666667,8,0,7525358,313556.5833,2030070,47319,6834.19,4116.97,284.7579167,37.27,23,25,13,0,0.06,0.49,25,B,A,B,0,0,0,0,0,0,0,-,-,-
93,lobo_is_good,Lobo-蘿蔔,78073,44,1410,遊戲電玩,4,12775,3193.75,4813,1870,227,56.75,81,25,0,0,0,0,537223,134305.75,181356,82570,243.62,211.35,60.905,9.57,2,2,2,0,0,1,2,B,A,C,0,0,0,0,0,0,0,-,-,-
94,lovemiihuang,黃小米-Mii,232488,992,2940,美妝保養 時尚潮流 旅遊,134,277606,4957.25,16950,756,16553,123.5298507,3106,4,116,0.865671642,9,0,33089178,246934.1642,1328253,59890,7247.78,173.24,54.08791045,2.23,19,23,14,0,0.03,0.37,21,A,B,B,1,0,0,0,1,0,1,M,J,M
95,bimay_nagging,鼻妹的廢話亂畫,172773,1276,3766,表演藝術 趣味搞笑,61,235413,3859.229508,26829,1001,2125,34.83606557,260,2,12,0.196721311,2,0,8060632,132141.5082,534928,55272,2346.35,704.98,38.4647541,4.83,19,16,12,0,0.04,0.42,20,B,C,A,0,0,0,0,0,0,0,-,-,-
96,sandykaka_,Sandy-珊迪,292906,479,3279,美食料理 寵物 遊戲電玩,149,1571188,10761.56164,233350,532,10162,68.20134228,827,2,10,0.067114094,4,0,63794165,428148.7584,4395435,107270,10905.43,180.03,73.19080537,10.7,34,34,23,0,0.07,0.4,25,B,A,A,0,0,0,0,0,0,0,-,-,-
97,davio_magic,魔術Channel---Davio,351680,682,2093,表演藝術,249,2284112,9597.109244,321852,28,16560,66.5060241,1291,0,286,1.148594378,6,0,220476949,885449.5944,18733004,1103,3490.22,73.97,14.01694779,4.04,9,9,8,0,0.01,0.24,9,A,D,B,1,0,0,0,0,0,1,B,B,L
98,cocowine0205,可可酒精,157798,782,1593,美食料理 趣味搞笑,391,802990,2053.682864,28881,171,6600,16.8797954,291,0,44,0.112531969,4,0,123435171,315690.9744,2001922,29924,23740.37,89.91,60.71705882,14.91,7,21,7,0,0.02,0.46,19,A,B,B,0,0,0,0,0,0,0,-,-,-
99,martinispig,吃貨豪豪,136420,749,517,美食料理,108,534581,4949.824074,107105,3,4450,41.2037037,847,0,8,0.074074074,2,0,25706798,238025.9074,2902462,857,5011.21,93.97,46.40009259,10.17,11,18,10,0,0.02,0.47,18,C,A,A,0,0,0,0,0,0,0,-,-,-
100,aottergirls,電瀨少女-女孩的科技日常,166174,87,3099,3C科技,284,624169,2197.778169,59881,125,7511,26.4471831,909,0,7,0.024647887,1,0,32785226,115440.9366,3876969,5720,14386.08,132.93,50.65521127,4.3,16,15,9,0.01,0.03,0.49,18,B,A,A,0,0,0,0,0,0,0,-,-,-
101,jengsu,恩熙俊-aka-MC-Jeng,213786,804,627,美食料理,5,28089,5617.8,7313,3783,91,18.2,29,9,5,1,3,0,866987,173397.4,280256,117347,492.97,129.03,98.594,24.57,26,28,24,0,0.07,0.58,25,B,A,A,0,1,0,0,0,0,1,A,A,M
102,shirley_01_12,崔&雪莉&Jon,43946,1204,455,影視評論,24,28935,1205.625,7447,98,517,21.54166667,64,2,34,1.416666667,6,0,2053186,85549.41667,304120,25189,621.54,106.74,25.8975,8.15,3,17,2,0,0,0.35,16,A,C,B,1,0,0,0,1,0,1,G,G,M
103,ironbullim,鐵牛-Ironbull,120088,1168,1556,遊戲電玩 趣味搞笑,21,0,,,,397,18.9047619,117,1,35,1.666666667,4,0,1808290,86109.04762,268708,31768,1026.13,96.75,48.86333333,13.57,58,75,50,0.02,0.13,0.36,27,B,A,A,2,0,0,0,0,0,1,D,C,M
104,tiest0913,小尾巴,134393,446,983,表演藝術 遊戲電玩 趣味搞笑,96,2428476,25296.625,451048,214,11657,121.4270833,1613,2,8,0.083333333,1,0,42973694,447642.6458,5716463,8580,4602.23,179.93,47.93989583,8.58,30,24,21,0.01,0.06,0.4,23,B,A,A,0,1,0,0,0,0,1,A,A,E
105,tsaibrotherderboofan,蔡哥,241128,1959,1368,表演藝術 趣味搞笑,124,584881,4716.782258,54576,564,4383,35.34677419,315,2,93,0.75,4,0,19181908,154692.8065,1310163,37250,13644.24,3664.73,110.0341935,5.5,70,79,64,0.02,0.16,0.36,27,B,A,A,10,8,4,0.07,0.04,0,3,D,C,A
106,ciao_kitchen,Ciao!-Kitchen,153279,791,952,美食料理,18,84417,4689.833333,14079,1180,2757,153.1666667,1577,4,0,0,0,0,3023152,167952.8889,460176,54604,992.62,101.75,55.14555556,22.41,4,4,1,0,0,0.54,7,C,C,A,0,0,0,0,0,0,0,-,-,-
107,tesscube,超粒方,35989,75,1318,影視評論,17,15563,915.4705882,2548,191,159,9.352941176,24,0,2,0.117647059,2,0,549813,32341.94118,76036,19508,680.97,90,40.05705882,3.81,13,0,0,0,0.04,0.7,13,B,C,A,0,0,0,0,0,0,0,-,-,-
108,sandymandy_official,Sandy-&-Mandy,519307,248,586,表演藝術,62,538708,8688.83871,69164,1465,6463,104.2419355,165,40,8,0.129032258,1,0,26328098,424646.7419,2156698,130138,1216.06,54.32,19.61387097,5.03,7,5,5,0,0.02,0.45,7,A,B,B,0,1,0,0,0,0,1,B,B,B
109,mochi_dad,麻糬爸,391889,116,2560,表演藝術,66,657995,9969.621212,59377,287,4240,64.24242424,1227,0,3,0.045454545,1,0,17163704,260056.1212,1112687,34833,923.98,81.87,13.99969697,3.48,9,8,4,0,0.01,0.44,13,B,A,A,0,0,0,0,0,0,0,-,-,-
110,6tan,Six-Wang,236458,447,2155,遊戲電玩,43,219248,5098.790698,14666,524,1177,27.37209302,121,0,3,0.069767442,1,0,7092819,164949.2791,471952,71271,2122.86,99.27,49.36883721,9.61,37,39,35,0.01,0.08,0.43,25,B,A,A,0,1,0,0,0,0,1,M,M,M
111,lilyflute,Lilyflute長笛姐姐,150544,440,2917,表演藝術,196,686131,3500.668367,106011,321,10339,52.75,702,10,41,0.209183673,5,0,19985661,101967.6582,1931741,17307,11895.27,2612.52,60.69015306,5.73,2,3,2,0,0,0.25,3,B,C,A,0,0,0,0,0,0,0,-,-,-
112,wecook123123,Wecook123-料理123,64697,11,986,美食料理,174,13307,76.47701149,405,12,32,0.183908046,3,0,0,0,0,0,1272724,7314.505747,24213,2475,12644.78,623.51,72.67114943,8.29,0,0,0,0,0,0,0,-,-,-,0,0,0,0,0,0,0,-,-,-
113,lingin1209,林進-飛醺卑鄙-fashion-baby,722044,2244,8194,趣味搞笑,106,1226400,11569.81132,165383,5,8507,80.25471698,704,0,129,1.216981132,15,0,74221973,700207.2925,7194445,1532,6189.22,371.87,58.38886792,8.97,38,53,33,0.01,0.08,0.4,27,A,B,B,2,4,2,0,0,0,2,F,F,M
114,niniru621,泥泥汝niniru,289357,1701,2344,美妝保養 遊戲電玩,81,208814,2577.950617,6581,9,1382,17.0617284,80,0,33,0.407407407,3,0,8029833,99133.74074,631460,745,3572.9,175.83,44.10987654,6.2,28,41,26,0.01,0.07,0.39,25,B,A,A,0,0,0,0,0,0,0,-,-,-
115,alvin701,艾爾文,187869,142,1329,知識教育,1,2,2,2,2,0,0,0,0,0,0,0,0,236,236,236,236,47.53,47.53,47.53,47.53,2,4,0,0,0,0.47,6,B,C,A,0,0,0,0,0,0,0,-,-,-
116,de.jun_666,DE-JuN,269054,1306,112,遊戲電玩,11,439807,39982.45455,80421,15540,1194,108.5454545,299,31,0,0,0,0,13341363,1212851.182,1785780,589626,515.26,82.3,46.84181818,4,2,0,0,0,0,1,2,A,D,A,0,0,0,0,0,0,0,-,-,-
117,yuniko0720,小熊-Yuniko,160098,7,1668,3C科技 遊戲電玩 旅遊,25,74166,2966.64,7459,1514,791,31.64,131,9,4,0.16,1,0,2094142,83765.68,185115,44361,1096.2,151.9,43.848,5.18,20,0,0,0,0.04,0.57,18,B,A,A,0,0,0,0,0,0,0,-,-,-
118,ackj0301_ifbbpro,IFBB-Pro-Lin-Ching-Chieh-林敬傑,264414,326,1397,運動健身,141,1858003,13177.32624,222510,564,13147,93.24113475,1125,2,273,1.936170213,6,0,59963707,425274.5177,4265093,87449,7948.63,195.44,56.37326241,10.1,22,8,8,0,0.05,0.48,19,B,A,A,0,0,0,0,0,0,0,-,-,-
119,bobo_kira,Bobo-TV,61964,168,1208,寵物,90,99966,1110.733333,18185,5,720,8,57,0,112,1.244444444,5,0,5030356,55892.84444,432560,491,4833.3,153.81,53.70333333,9,5,36,5,0,0.01,0.45,25,C,C,B,1,0,0,0,0,0,1,A,A,D
120,2uncle987,嘎嫂二伯,774220,703,4245,旅遊 家庭母嬰,238,2278621,9574.037815,102557,876,32617,137.0462185,6851,0,108,0.453781513,4,0,116405025,489096.7437,3953141,64274,63741.01,10149.64,267.8193697,4.62,49,37,34,0.01,0.13,0.51,27,C,B,B,49,122,1,0,0.52,0.03,3,H,H,I
121,traveggo,找蔬食-Traveggo,176606,337,495,美食料理 趣味搞笑,83,925320,11148.43373,161862,8,6392,77.01204819,979,0,19,0.228915663,2,0,40599957,489156.1084,4588690,2484,4837.65,135.63,58.28493976,13.33,13,14,9,0,0.03,0.49,16,A,B,B,0,0,0,0,0,0,0,-,-,-
122,alephant_0427,我是阿樂-林妤臻,722582,1917,2397,遊戲電玩 表演藝術,76,500285,6582.697368,82814,1153,7410,97.5,902,11,40,0.526315789,11,0,19135052,251777,1384066,59060,4362.36,131.87,57.39947368,11.54,46,70,42,0.01,0.11,0.39,27,B,A,A,6,1,0,0,0,0,3,A,A,A
123,eatzzz7,紀卜心-Kimi,926658,869,5550,美妝保養 時尚潮流 旅遊,74,512774,6929.378378,29836,1844,6010,81.21621622,659,15,78,1.054054054,7,0,38309408,517694.7027,1843530,121798,4938.96,135.74,66.7427027,5.7,47,29,29,0.01,0.09,0.38,26,A,B,B,1,5,1,0,0,0,1,B,B,L
124,taiwan_bar,台灣吧,95629,176,656,知識教育 理財創業,148,226304,1529.081081,24273,39,10914,73.74324324,4063,0,164,1.108108108,3,0,5890090,39797.90541,595841,1869,8855.97,90.02,59.83763514,13.35,7,22,4,0,0.02,0.56,23,B,A,A,0,2,0,0,0,0,1,M,M,M
125,pattihuang,Patti-Huang,154706,425,1485,美食料理 寵物 趣味搞笑,40,43053,1655.884615,4358,474,1386,34.65,78,14,0,0,0,0,1553940,38848.5,98274,12702,1970.35,81.07,49.25875,9.68,3,18,2,0,0,0.28,16,A,D,B,0,0,0,0,0,0,0,-,-,-
126,kaoru_0409,強運少女日本日記RU-in-Japan/,155775,945,1265,旅遊 美食料理,74,622567,8413.067568,64546,1343,7085,95.74324324,1334,0,7,0.094594595,1,0,27852157,376380.5,1588155,65673,4076.21,86.27,55.08391892,7.63,9,23,9,0,0.02,0.49,20,A,B,B,0,0,0,0,0,0,0,-,-,-
127,daisy.chiu,邱沁宜,53767,451,1109,理財創業 高階經理人,56,31447,561.5535714,1475,2,814,14.53571429,49,0,0,0,0,0,1277189,22806.94643,63319,141,2963.16,175.94,52.91357143,4,0,2,0,0,0,0,2,A,D,B,0,0,0,0,0,0,0,-,-,-
128,hithisisachi,阿淇博士-Dr.Achi,43236,204,1457,美食料理 醫療健康 知識教育,85,49956,587.7176471,4979,63,2643,31.09411765,421,0,3,0.035294118,1,0,3261719,38373.16471,225002,9662,5304.54,129.37,62.40635294,8.24,4,8,3,0,0.01,0.55,8,C,B,A,0,0,0,0,0,0,0,-,-,-
129,jbao_5000,J-Bao賤葆,415031,759,331,趣味搞笑 旅遊,34,3144096,92473.41176,1579324,7583,9189,270.2647059,2108,28,40,1.176470588,7,0,53781096,1581796.941,9692800,238873,1962.49,336,57.72029412,6.69,50,47,45,0.01,0.12,0.45,27,B,A,A,5,4,1,0.01,0,0,3,C,D,C
130,donehannah,這群人-董仔,280507,2463,4307,表演藝術 趣味搞笑,174,774116,4448.942529,82132,187,7005,40.25862069,307,2,284,1.632183908,12,0,27845541,160031.8448,1372247,11001,14597.99,1966.76,83.89649425,5.02,66,73,59,0.03,0.15,0.35,27,A,B,B,10,0,0,0,0,0,3,A,A,H
131,inesinesw,Ines-Wang,296216,813,5694,美妝保養 時尚潮流 帶貨分潤,110,474995,4318.136364,7288,1736,3234,29.4,79,6,90,0.818181818,13,0,4174118,37946.52727,106960,11969,4196.76,133.57,38.15236364,7.03,5,4,2,0,0,0.37,7,A,D,B,0,0,0,0,0,0,0,-,-,-
132,1105ya,元-元,1106945,560,1524,時尚潮流,110,689463,9710.746479,92331,0,11196,101.7818182,580,0,44,0.4,3,0,47722405,433840.0455,7259950,1407,2642.89,79.7,24.02627273,5.37,23,25,19,0,0.06,0.55,22,A,D,B,2,1,0,0,0,0,2,A,A,E
133,stanley_sportslife,史丹利視角的體育世界,34810,441,395,運動健身,166,992266,5977.506024,41378,419,2366,14.25301205,91,0,28,0.168674699,4,0,23722434,142906.2289,679202,19905,3723.98,89.73,22.43361446,4.57,0,0,0,0,0,0,0,-,-,-,0,0,0,0,0,0,0,-,-,-
134,cyfang58,豹子腿方昶詠,53635,719,1469,運動健身,72,154155,2141.041667,41016,194,574,7.972222222,115,0,34,0.472222222,2,0,6189073,85959.34722,1697330,8168,2732.29,118.9,37.94847222,4.87,10,24,10,0,0.02,0.34,18,C,D,A,0,0,0,0,0,0,0,-,-,-
135,swhite523,羅小白,180589,607,1843,表演藝術,40,44060,1101.5,6660,237,585,14.625,55,0,26,0.65,2,0,1938983,48474.575,96549,21897,2387.96,103.84,59.699,17.64,5,9,4,0,0.01,0.41,10,C,A,B,0,0,0,0,0,0,0,-,-,-
136,tzu_888,阿慈車庫-Dream-garage,123694,1493,504,汽機車,66,401173,6078.378788,59290,1380,2514,38.09090909,1254,0,10,0.151515152,2,0,15117481,229052.7424,1034330,86714,10321.83,361.21,156.3913636,23.77,5,10,5,0,0.01,0.25,9,A,D,A,0,0,0,0,0,0,0,-,-,-
137,dr.acne_scar_queen,痘疤醫生---莊盈彥醫師,189848,259,2943,知識教育 醫療健康,639,521818,816.6165884,14974,45,6286,9.837245696,281,0,6,0.009389671,2,0,74760413,116995.9515,1492290,19190,28621.32,175.24,44.79079812,8.15,4,4,1,0,0.01,0.39,7,A,B,B,0,0,0,0,0,0,0,-,-,-
138,mensgametw,Men's-Game-玩物誌,34159,629,1407,3C科技,114,35329,309.9035088,3998,25,1507,13.21929825,716,0,24,0.210526316,3,0,2679902,23507.91228,164834,8391,7810.85,197.7,68.51622807,9.7,13,21,12,0,0.03,0.4,17,C,C,A,1,0,0,0,1,0,1,M,M,M
139,20141010hero,英雄日常Heroisme,142634,94,715,遊戲電玩,14,378706,27050.42857,137946,3221,1355,96.78571429,555,8,2,0.142857143,2,0,8112081,579434.3571,2795907,63506,1356.56,179.7,96.89714286,33.67,8,6,6,0,0.02,0.56,8,B,A,A,0,0,0,0,0,0,0,-,-,-
140,bonibaobao,飽妮,214978,1114,941,影視評論,120,2142789,17856.575,206185,91,8140,67.83333333,641,0,26,0.216666667,6,0,65727216,547726.8,3587337,8664,4861.95,137.5,40.51625,4.34,31,41,24,0,0.08,0.52,27,B,A,B,3,19,1,0,0,0,3,B,B,B
141,juliamisakii,咪妃Julia,432539,579,1800,遊戲電玩 表演藝術 趣味搞笑,103,83208,6934,24663,1162,4053,39.34951456,360,4,157,1.524271845,6,0,16103612,156345.7476,916432,29260,4173.37,71.13,40.51815534,3.44,37,28,27,0.02,0.08,0.4,25,B,A,A,1,3,0,0,0,0,1,I,I,M
142,kart_wang,卡特-Kart,225861,1206,1609,美妝保養 時尚潮流,143,1141864,8041.295775,131325,447,15434,107.9300699,1898,3,39,0.272727273,3,0,40656962,284314.4196,2047938,33880,16291.87,3840.13,113.9291608,5.5,42,44,38,0.01,0.1,0.44,27,A,B,B,0,3,0,0,0,0,1,G,G,M
143,shaogao,囂搞-Shaogao,322191,668,1705,表演藝術 趣味搞笑,37,2815823,76103.32432,583479,876,4815,130.1351351,907,3,2,0.054054054,1,0,46116390,1246388.919,8720421,102181,1073.7,60.64,29.01891892,7.67,24,24,20,0,0.05,0.47,20,B,A,A,0,1,0,0,0,0,1,A,A,H
144,lan0716,籃靖玟,538706,774,411,旅遊 運動健身,22,687753,31261.5,70761,7659,4974,226.0909091,940,88,3,0.136363636,1,0,22604862,1027493.727,2379143,214249,829.27,84.18,37.69409091,7.2,19,19,16,0,0.03,0.42,18,A,D,B,0,0,0,0,0,0,0,-,-,-
145,peter825,Peter-Su,668099,930,3594,旅遊 知識教育,31,212918,6868.322581,29506,1663,1783,57.51612903,211,5,16,0.516129032,2,0,6260783,201960.7419,577428,75939,2044.72,227.13,65.95870968,6,16,8,7,0,0.03,0.58,15,A,B,B,0,0,0,0,0,0,0,-,-,-
146,manatee0701,SMG-Sirenia海牛,159761,236,1237,遊戲電玩,4,22763,5690.75,7747,3404,202,50.5,64,37,2,0.5,2,0,715287,178821.75,233706,98117,294.51,107.69,73.6275,50.03,9,11,7,0,0.02,0.35,10,B,A,C,0,0,0,0,0,0,0,-,-,-
147,coffee_time_corgi,Coffee-Time,526230,1427,6123,寵物,155,1114945,7193.193548,171996,111,10548,68.0516129,2318,0,26,0.167741935,2,0,30149405,194512.2903,4168547,16496,3982.98,673.51,25.69664516,4.37,5,5,2,0,0.01,0.21,7,A,C,D,0,0,0,0,0,0,0,-,-,-
148,ruwenwen,魯蛋的頻道,105955,138,642,遊戲電玩,2,9543,4771.5,6902,2641,40,20,25,15,0,0,0,0,331526,165763,191562,139964,221.7,122.17,110.85,99.53,11,6,4,0,0.02,0.51,11,B,A,A,0,0,0,0,0,0,0,-,-,-
149,xiucao.han,含羞草日記,240547,1313,1134,遊戲電玩 趣味搞笑,18,49105,3069.0625,24841,272,415,23.05555556,88,0,1,0.055555556,1,0,3004294,166905.2222,805060,38422,635.48,74.21,35.30444444,5.02,44,49,40,0.02,0.1,0.39,27,A,D,A,0,0,0,0,0,0,0,-,-,-
150,lamashania,辣媽Shania,76496,416,797,美食料理,65,313791,4827.553846,53025,28,1053,16.2,92,0,3,0.046153846,3,0,10864875,167151.9231,1159113,34340,3944.11,172.34,60.67861538,21.24,2,8,1,0,0,0.38,9,A,B,A,0,0,0,0,0,0,0,-,-,-
151,three_muggles,三個麻瓜,94059,152,1383,影視評論,111,547997,4936.90991,39572,139,7571,68.20720721,3259,1,157,1.414414414,6,0,19723003,177684.7117,3534616,3567,9834.23,2250.93,88.59666667,8.13,14,29,13,0,0.03,0.39,23,B,A,A,0,2,0,0,0,0,1,A,A,D
152,uni_catto,傲嬌爸的養貓日常,66376,109,2270,寵物,139,748187,5382.640288,90421,262,2797,20.12230216,153,0,4,0.028776978,1,0,13683228,98440.48921,1391531,12457,6492.38,454.55,46.70776978,4.4,5,7,3,0,0.01,0.56,9,A,C,A,0,0,0,0,0,0,0,-,-,-
153,emmy_on_earth,胡采蘋-Emmy-Hu,8713,203,334,理財創業,51,11274,221.0588235,6442,3,739,14.49019608,619,0,0,0,0,0,537016,10529.72549,280322,948,1732.59,102.04,33.97235294,5,0,0,0,0,0,0,0,-,-,-,0,0,0,0,0,0,0,-,-,-
154,logandbeck,LoganDBeck-小貝,44979,682,1377,旅遊,14,17605,1600.454545,4925,169,160,11.42857143,36,0,3,0.214285714,1,0,824831,58916.5,210156,14506,1037.4,128.15,74.1,46.25,7,9,3,0,0.01,0.48,13,A,C,A,0,0,0,0,0,0,0,-,-,-
155,1_shiuan_0,林萱-Shiuan,330559,1759,3008,美妝保養 時尚潮流,62,340435,6947.653061,42786,1433,3830,61.77419355,827,11,59,0.951612903,11,0,14145074,228146.3548,1465469,48069,3515.9,128.13,56.70806452,5.37,42,40,35,0.01,0.11,0.49,27,A,B,B,0,0,0,0,0,0,0,-,-,-
156,japanuts,日本藥妝失心瘋,517852,43,4180,美妝保養 家庭母嬰 帶貨分潤,297,606872,2050.243243,20161,0,46051,155.0538721,3435,0,35,0.117845118,5,0,68419711,230369.3973,1902372,644,10936.35,114.24,36.82272727,5.85,5,0,0,0,0,0,5,A,B,B,0,0,0,0,0,0,0,-,-,-
157,campfire_tw,Campfire營火部落,39315,468,2743,旅遊,151,93417,618.6556291,20126,23,1285,8.509933775,168,0,16,0.105960265,2,0,4317347,28591.70199,593514,5587,9925.22,173.64,65.72993377,7.67,11,16,10,0,0.02,0.38,16,C,C,A,0,0,0,0,0,0,0,-,-,-
158,blairechen,BlaireChen-左撇子,221984,946,2770,美妝保養 時尚潮流 旅遊,44,586297,13324.93182,77414,7,5591,127.0681818,1433,0,41,0.931818182,5,0,33360958,758203.5909,2342774,1901,1963.81,131.08,44.63204545,3.9,32,28,21,0,0.08,0.47,24,A,B,B,0,0,0,0,0,0,0,-,-,-
159,cliffchuang3,莊政威-Cliff-Chuang,56940,198,892,汽機車,11,126906,11536.90909,89047,1320,1344,122.1818182,788,6,21,1.909090909,5,0,3306267,300569.7273,2181012,41739,455.45,107.02,41.40454545,12.98,3,1,1,0,0,0.4,3,B,A,E,0,0,0,0,0,0,0,-,-,-
160,mengj215,Candy-孟潔,404122,834,1611,時尚潮流,43,406973,9464.488372,45504,1744,3374,78.46511628,135,15,7,0.162790698,2,0,12699843,295345.186,1913773,80604,1942.76,135.07,45.18046512,9.57,13,22,10,0,0.02,0.36,18,A,D,B,0,1,0,0,0,0,1,A,A,M
161,itsberrym,貝莉莓,303926,664,762,遊戲電玩 表演藝術,31,69637,2246.354839,6705,590,302,9.741935484,32,1,5,0.161290323,2,0,3779935,121933.3871,243284,62478,5610.43,4062.52,180.9816129,15.25,28,15,11,0,0.07,0.52,25,B,A,A,0,0,0,0,0,0,0,-,-,-
162,afunnywii,蕭志瑋,225341,991,1947,表演藝術 趣味搞笑,96,650108,6771.958333,110274,446,7617,79.34375,465,1,73,0.760416667,4,0,19583745,203997.3438,1974527,36508,5362.1,148.43,55.85520833,7.6,30,22,20,0.01,0.08,0.5,25,B,A,A,0,1,0,0,0,0,1,A,A,H
163,mayukichou,周小葳,309258,1748,8861,時尚潮流 高階經理人,538,1026718,1908.39777,50627,206,23812,44.26022305,890,0,92,0.171003717,3,0,88030025,163624.5818,4263774,26556,17030.86,141.04,31.65587361,1.27,8,22,4,0,0.02,0.4,21,A,B,B,0,0,0,0,0,0,0,-,-,-
164,huzihuang1989,胡子Huz,117022,371,185,趣味搞笑,11,21400,1945.454545,4086,575,261,23.72727273,64,7,1,0.090909091,1,0,976958,88814.36364,147621,30314,1018.07,158.87,92.55181818,48.11,26,27,19,0,0.05,0.44,24,B,A,A,0,1,0,0,0,0,1,A,A,G
165,nana_aleng,柴犬Nana和阿楞的一天,105966,0,1056,寵物,40,147819,3695.475,55917,816,1430,35.75,168,13,4,0.1,2,0,2110896,52772.4,463649,12539,1403.24,133.07,35.081,4.37,10,0,0,0,0.02,0.41,9,A,C,A,0,0,0,0,0,0,0,-,-,-
166,tinana_master,那那大師,74477,5177,1273,趣味搞笑,57,205400,3603.508772,37041,133,4354,76.38596491,468,0,73,1.280701754,9,0,6120109,107370.3333,522087,19812,4078.19,179.47,71.54719298,8.01,21,47,21,0.01,0.06,0.4,26,A,B,B,0,1,0,0,0,0,1,A,A,M
167,weisway18,維思維,73874,7,674,知識教育,66,458252,7050.030769,81938,326,2957,44.8030303,622,0,0,0,0,0,18545746,280996.1515,5343805,15221,5546.85,938.2,84.04318182,3.46,0,0,0,0,0,0,0,-,-,-,0,0,0,0,0,0,0,-,-,-
168,neneko.n,肉肉Neneko,415646,74,586,表演藝術,62,1286409,20748.53226,161175,2848,10232,165.0322581,2614,20,38,0.612903226,4,0,46510489,750169.1774,3699711,161553,1014.29,40.67,16.35951613,5,1,0,0,0,0,0,1,A,A,J,0,0,0,0,0,0,0,-,-,-
169,wia627,上發條俱樂部,164251,2540,5234,家庭母嬰 寵物 帶貨分潤,111,541620,4879.459459,88307,3,4799,43.23423423,1198,0,40,0.36036036,3,0,22162937,199666.0991,2110221,680,7717.06,666.99,69.52306306,5.41,7,18,6,0.01,0.01,0.28,15,A,D,A,24,0,0,0,1,0,1,K,M,M
170,jam_steak,牛排,386105,214,871,趣味搞笑,77,1244897,17290.23611,93825,1614,6643,86.27272727,510,2,23,0.298701299,3,0,54708124,710495.1169,4605587,47650,4799.57,133.07,62.33207792,8.01,36,23,16,0,0.09,0.55,26,B,A,A,0,0,0,0,0,0,0,-,-,-
171,getwie__,希露弟弟啃雞腿,48153,1038,1826,寵物,56,377680,6744.285714,62499,304,3518,62.82142857,699,2,38,0.678571429,4,0,13199659,235708.1964,2363363,30480,2892.26,496.71,51.6475,10.3,7,53,7,0,0.02,0.37,27,A,D,A,0,0,0,0,0,0,0,-,-,-
172,iam_3636,黃山料,390092,1,313,時事討論,58,925373,15954.7069,46994,3026,7865,135.6034483,314,33,88,1.517241379,3,1,40155416,692334.7586,2405490,87551,4153.37,136.67,71.60982759,10.01,4,0,0,0,0.01,0.42,4,A,B,B,0,0,0,0,0,0,0,-,-,-
173,daiying0,羚小鹿,353699,627,914,美妝保養 旅遊 表演藝術,73,525123,7396.098592,55884,36,7972,109.2054795,263,0,62,0.849315068,8,0,11492165,157426.9178,870678,861,2244.03,162.28,30.74013699,3.74,12,10,9,0,0.02,0.48,13,A,D,B,5,0,0,0,0,0.01,2,F,F,K
174,wufeili,Natalie吳斐莉,372383,452,3568,美妝保養 時尚潮流 旅遊,40,230670,6234.324324,34273,1313,6238,155.95,416,39,2,0.05,1,0,15252823,381320.575,1444499,74315,1668.4,128.7,41.71,5.94,34,23,19,0.01,0.06,0.3,22,A,B,B,0,0,0,0,0,0,0,-,-,-
175,zxsdexz,黃帝筱清Virus,192357,899,172,遊戲電玩,179,1082789,6049.100559,53182,9,15133,84.54189944,543,0,82,0.458100559,3,0,40440146,225922.6034,1871762,690,7655.91,239.84,42.77044693,6.73,4,7,3,0,0.01,0.33,7,B,D,A,0,0,0,0,0,0,0,-,-,-
176,kellyshen40,村子裡的凱莉哥,80754,1211,4589,旅遊 家庭母嬰 帶貨分潤,156,208478,1336.397436,44735,22,1726,11.06410256,215,0,55,0.352564103,3,0,10900941,69877.82692,1080130,1283,12119.72,2267.89,77.69051282,4,2,9,2,0,0,0.3,8,A,B,B,0,0,0,0,0,0,0,-,-,-
177,oldwangwang,老王-oldwang,72829,10,2229,趣味搞笑 時事討論,1,2717,2717,2717,2717,64,64,64,64,1,1,1,1,179376,179376,179376,179376,19.48,19.48,19.48,19.48,0,0,0,0,0,0,0,-,-,-,0,0,0,0,0,0,0,-,-,-
178,mypink0911,處女座媽媽的瑣碎日常,83681,563,1786,綜合其他,90,88060,978.4444444,3331,196,2256,25.06666667,225,0,3,0.033333333,1,0,8793525,97705.83333,1084987,23540,10189.11,305.5,113.2123333,10.57,4,29,3,0,0,0.33,21,A,B,B,0,0,0,0,0,0,0,-,-,-
179,hooleefun,虎麗笑嗨嗨,285219,76,3628,美食料理,340,2120451,6406.196375,123264,457,12791,37.62058824,500,0,233,0.685294118,2,0,141975420,417574.7647,2913694,76693,12749.45,53.97,37.49838235,21.94,2,0,0,0,0,0.5,2,A,D,G,0,0,0,0,0,0,0,-,-,-
181,walkerdad1228,喪屍老爸,116757,380,1301,家庭母嬰 趣味搞笑,114,988322,8669.491228,151561,489,7573,66.42982456,536,1,204,1.789473684,6,0,27030047,237105.6754,2303042,50579,6571.54,566.33,57.64508772,5.63,8,20,6,0,0.02,0.49,20,B,C,A,0,0,0,0,0,0,0,I,I,M
182,boyplaymj,尤汐伯夷,70600,594,1730,遊戲電玩,97,342106,3526.865979,19248,292,3413,35.18556701,700,0,332,3.422680412,14,0,18910448,194953.0722,890634,66947,8417.15,179.79,86.77474227,11.35,1,10,1,0,0,0.44,10,B,A,A,0,1,0,0,0,0,1,D,C,J
183,b2btramy888888,崔咪Tramy,159302,1212,1798,時尚潮流,61,14645,1331.363636,2339,2,4304,70.55737705,1648,0,36,0.590163934,6,0,2582028,42328.32787,241395,492,8349.63,3996.22,136.8791803,4,22,29,18,0.01,0.04,0.43,21,A,B,B,2,0,0,0,0,0,1,-,-,-
184,cindyhhh32,Cindy-H,182298,417,1683,美妝保養 時尚潮流,51,371962,7293.372549,32754,948,1685,33.03921569,291,0,11,0.215686275,2,0,17063154,334571.6471,903831,52301,17915.22,4240.13,351.2788235,5.03,11,9,7,0,0.02,0.6,12,A,B,B,0,0,0,0,0,0,0,-,-,-
185,mr.joehobby,MR.JOE-HOBBY.tv,47570,169,1087,遊戲電玩,81,79784,984.9876543,8699,123,938,11.58024691,246,0,14,0.172839506,3,0,2979531,36784.33333,449829,6167,4581.44,172.5,56.56098765,6.18,12,20,9,0,0.03,0.66,22,B,A,A,0,0,0,0,0,0,0,-,-,-
186,sunnie_cat0111,Sunnie-陸筱晴,226451,1105,3293,美妝保養 時尚潮流 旅遊 美食料理,27,146838,6118.25,15329,1884,1666,61.7037037,150,31,37,1.37037037,12,0,5346461,198017.0741,673770,30440,525.59,60.28,19.4662963,7.73,12,22,12,0,0.02,0.32,18,A,D,B,0,0,0,0,0,0,0,F,F,K
187,goris.sky,Goris-Sky,161740,196,7960,時尚潮流 美妝保養,2,2642,1321,1504,1138,96,48,56,40,1,0.5,1,0,154592,77296,77465,77127,42.87,29.84,21.435,13.03,8,2,2,0,0.01,0.47,8,A,B,B,1,2,0,0,0,0.01,2,-,-,-
188,lebaby0v0,依梨,536194,196,551,時尚潮流 遊戲電玩,15,144061,18007.625,63293,5758,1348,89.86666667,250,20,1,0.066666667,1,0,11742029,782801.9333,6788808,172873,440.84,91.27,29.38933333,4.32,5,6,4,0,0.01,0.61,7,B,D,A,0,0,0,0,0,0,0,-,-,-
189,byleway,許允樂的老兵魂,318515,1355,7638,美妝保養 時尚潮流,29,77125,3085,14212,978,1918,66.13793103,281,5,17,0.586206897,5,0,8325232,287076.9655,453444,92137,33014.78,4334.8,1138.44069,6.01,30,36,27,0,0.07,0.47,26,A,B,B,0,0,0,0,0,0,0,-,-,-
190,nowyouon,鬧著玩娛樂,43933,150,510,旅遊 美食料理,30,35036,1167.866667,2676,254,510,17,66,0,87,2.9,9,0,1887759,62925.3,269374,20015,1501.12,139.43,50.03733333,9.01,2,11,1,0,0.01,0.57,12,A,B,B,0,0,0,0,0,0,0,-,-,-
191,0_shufen,林淑芬2.0,883571,547,1371,綜合其他,94,599586,6378.574468,22791,34,14098,149.9787234,497,1,14,0.14893617,2,0,34519985,367233.883,1838544,813,1307.94,65.47,13.91425532,2.18,4,15,2,0,0,0.39,15,A,D,B,0,0,0,0,0,0,0,-,-,-
192,momanddad_band,Mom-&-Dad,74943,483,906,家庭母嬰,58,115066,1983.896552,34148,67,2595,44.74137931,955,0,36,0.620689655,3,0,7026083,121139.3621,2812947,12206,3871.83,140.85,66.75568966,8.57,9,29,9,0,0.02,0.31,20,C,B,B,0,0,0,0,0,0,0,M,M,M
193,maygobla,Meg-今天穿什麼,199066,1045,1504,美妝保養 時尚潮流,65,526423,8098.815385,40482,1903,5324,81.90769231,957,2,12,0.184615385,3,0,36758150,565510,1928984,194051,2999.52,86.23,46.14646154,11.67,28,25,23,0,0.07,0.55,22,A,B,B,2,0,0,0,1,0,1,-,-,-
194,kai_makeup_,小凱老師,136460,647,2085,美妝保養,150,325876,2172.506667,15259,246,5947,39.64666667,471,0,10,0.066666667,3,0,24430262,162868.4133,1293374,33265,11772.51,176.9,78.4834,6.8,10,9,5,0,0.02,0.32,12,A,B,B,0,0,0,0,0,0,0,-,-,-
195,skauramomo,紫玥桃,0,0,0,時尚潮流 表演藝術,35,69234,2036.294118,20350,586,723,20.65714286,71,6,9,0.257142857,2,0,1665096,47574.17143,383967,17450,622.7,57.97,17.79142857,4.97,0,8,0,0,0,0.27,7,A,A,I,0,0,0,0,0,0,0,-,-,-
196,ninggoose,鵝鵝就是鵝鵝,107527,1001,1203,汽機車,43,111682,2597.255814,16249,373,1361,31.65116279,133,6,12,0.279069767,3,0,5107572,118780.7442,1007366,27550,1754.09,99.94,40.7927907,8.27,1,4,1,0,0,0.28,3,B,A,E,0,0,0,0,0,0,0,I,I,M
197,anjouclever,安啾咪,385142,215,497,美食料理 表演藝術,23,485227,21096.82609,125981,2147,1355,58.91304348,279,10,4,0.173913043,1,0,10420748,453076,1440000,149961,1464.59,116.05,63.67782609,8.98,43,49,35,0.01,0.11,0.45,27,B,A,A,3,0,0,0,1,0,1,A,A,G
198,linzin.yt,Linzin-阿哲,31005,19,1001,3C科技,9,24019,2668.777778,14201,492,326,36.22222222,163,6,3,0.333333333,3,0,561023,62335.88889,224435,26686,516.93,243.3,57.43666667,8.67,3,1,0,0,0.01,0.75,4,B,A,A,0,1,0,0,0,0,1,-,-,-
199,thechef_fred,廚佛瑞德Fred,183927,1037,930,美食料理 帶貨分潤,58,160240,2762.758621,21451,493,799,13.77586207,128,0,35,0.603448276,3,0,6559647,113097.3621,909879,29293,3510.05,152.53,60.51810345,6.32,41,43,33,0.01,0.11,0.49,27,B,A,A,0,0,0,0,0,0,0,C,D,C
200,hsin0126,大H-陳建昕,314116,4829,2037,運動健身,39,1313329,33675.10256,765624,1840,13392,343.3846154,7210,4,51,1.307692308,7,0,34364226,881134,9035541,192070,1563.12,89.37,40.08,7.37,10,20,8,0,0.02,0.34,18,A,D,B,5,5,2,0.01,0,0,3,-,-,-
,,,,,,,,,,,,,,,,,,,,,,,,,,,,,,,,,,,,,,0,0,0,0,0,0,0,,,
